[{"model": "core.userprofile", "pk": 1, "fields": {"user": 1, "stripe_customer_id": "cus_HZFGCOdmSW1t6D", "one_click_purchasing": true, "memberships": "N", "wallet": 10000, "current_wallet": null}}, {"model": "core.userprofile", "pk": 3, "fields": {"user": 4, "stripe_customer_id": null, "one_click_purchasing": false, "memberships": "P", "wallet": 10000, "current_wallet": null}}, {"model": "core.userprofile", "pk": 4, "fields": {"user": 5, "stripe_customer_id": null, "one_click_purchasing": false, "memberships": "S", "wallet": 10000, "current_wallet": 9850}}, {"model": "core.item", "pk": 1, "fields": {"title": "Jordan One", "price": 1000.0, "discount_price": 800.0, "category": "OW", "label": "P", "slug": "jordan_01", "description": "this is a new jordan One", "image": "jd_368567_a.jpg", "points": 200}}, {"model": "core.item", "pk": 2, "fields": {"title": "Jordan 2", "price": 890.0, "discount_price": null, "category": "SW", "label": "P", "slug": "jordan_02", "description": "New jordan", "image": "jd_408200_a_iicHibZ.jpg", "points": 150}}, {"model": "core.orderitem", "pk": 12, "fields": {"user": 1, "ordered": false, "item": 1, "quantity": 1}}, {"model": "core.orderitem", "pk": 15, "fields": {"user": 4, "ordered": false, "item": 1, "quantity": 2}}, {"model": "core.orderitem", "pk": 16, "fields": {"user": 5, "ordered": true, "item": 1, "quantity": 4}}, {"model": "core.orderitem", "pk": 17, "fields": {"user": 5, "ordered": true, "item": 1, "quantity": 8}}, {"model": "core.orderitem", "pk": 18, "fields": {"user": 5, "ordered": true, "item": 1, "quantity": 1}}, {"model": "core.orderitem", "pk": 19, "fields": {"user": 5, "ordered": true, "item": 1, "quantity": 1}}, {"model": "core.orderitem", "pk": 20, "fields": {"user": 5, "ordered": true, "item": 1, "quantity": 1}}, {"model": "core.orderitem", "pk": 21, "fields": {"user": 5, "ordered": true, "item": 1, "quantity": 2}}, {"model": "core.orderitem", "pk": 22, "fields": {"user": 5, "ordered": true, "item": 2, "quantity": 1}}, {"model": "core.orderitem", "pk": 23, "fields": {"user": 5, "ordered": true, "item": 1, "quantity": 2}}, {"model": "core.orderitem", "pk": 24, "fields": {"user": 5, "ordered": true, "item": 2, "quantity": 1}}, {"model": "core.orderitem", "pk": 25, "fields": {"user": 5, "ordered": false, "item": 1, "quantity": 1}}, {"model": "core.orderitem", "pk": 26, "fields": {"user": 5, "ordered": true, "item": 2, "quantity": 1}}, {"model": "core.orderitem", "pk": 27, "fields": {"user": 5, "ordered": true, "item": 2, "quantity": 1}}, {"model": "core.orderitem", "pk": 28, "fields": {"user": 5, "ordered": false, "item": 2, "quantity": 9}}, {"model": "core.order", "pk": 10, "fields": {"user": 1, "ref_code": null, "start_date": "2020-07-07T14:49:17.894Z", "ordered_date": "2020-07-07T14:49:17.894Z", "ordered": false, "shipping_address": 9, "billing_address": 10, "payment": null, "coupon": null, "being_delivered": false, "received": false, "refund_requested": false, "refund_granted": false, "points_used": 0, "items": [12]}}, {"model": "core.order", "pk": 11, "fields": {"user": 4, "ref_code": null, "start_date": "2020-10-01T20:24:16.162Z", "ordered_date": "2020-10-01T20:24:16.162Z", "ordered": false, "shipping_address": 13, "billing_address": 14, "payment": null, "coupon": null, "being_delivered": false, "received": false, "refund_requested": false, "refund_granted": false, "points_used": 0, "items": [15]}}, {"model": "core.order", "pk": 12, "fields": {"user": 5, "ref_code": "6ebfeyykjkmdh1vup432", "start_date": "2020-10-06T10:44:00.372Z", "ordered_date": "2020-10-06T10:44:00.371Z", "ordered": true, "shipping_address": 15, "billing_address": 16, "payment": 9, "coupon": null, "being_delivered": false, "received": false, "refund_requested": false, "refund_granted": false, "points_used": 0, "items": [16]}}, {"model": "core.order", "pk": 13, "fields": {"user": 5, "ref_code": "5u04wrbte0jniypxm6jm", "start_date": "2020-10-06T18:32:16.803Z", "ordered_date": "2020-10-06T18:32:16.803Z", "ordered": true, "shipping_address": 15, "billing_address": 16, "payment": 10, "coupon": null, "being_delivered": false, "received": false, "refund_requested": false, "refund_granted": false, "points_used": 0, "items": [17]}}, {"model": "core.order", "pk": 14, "fields": {"user": 5, "ref_code": "nd4offs8a9yfw9rx1wpn", "start_date": "2020-10-07T16:45:16.314Z", "ordered_date": "2020-10-07T16:45:16.314Z", "ordered": true, "shipping_address": 15, "billing_address": 16, "payment": 11, "coupon": null, "being_delivered": false, "received": false, "refund_requested": false, "refund_granted": false, "points_used": 0, "items": [18]}}, {"model": "core.order", "pk": 15, "fields": {"user": 5, "ref_code": "mz284m0ti3163ihwwgjr", "start_date": "2020-10-10T17:49:46.978Z", "ordered_date": "2020-10-10T17:49:46.977Z", "ordered": true, "shipping_address": 15, "billing_address": 16, "payment": 12, "coupon": null, "being_delivered": false, "received": false, "refund_requested": false, "refund_granted": false, "points_used": 0, "items": [19]}}, {"model": "core.order", "pk": 16, "fields": {"user": 5, "ref_code": "5xxcxkquddpm77xqxxk1", "start_date": "2020-10-10T17:53:52.620Z", "ordered_date": "2020-10-10T17:53:52.620Z", "ordered": true, "shipping_address": 15, "billing_address": 16, "payment": 13, "coupon": null, "being_delivered": false, "received": false, "refund_requested": false, "refund_granted": false, "points_used": 0, "items": [20]}}, {"model": "core.order", "pk": 17, "fields": {"user": 5, "ref_code": "2cfbvx9u3h5rpxuigx7k", "start_date": "2020-10-10T18:23:28.177Z", "ordered_date": "2020-10-10T18:23:28.176Z", "ordered": true, "shipping_address": 15, "billing_address": 16, "payment": 14, "coupon": null, "being_delivered": false, "received": false, "refund_requested": false, "refund_granted": false, "points_used": 0, "items": [21]}}, {"model": "core.order", "pk": 18, "fields": {"user": 5, "ref_code": "epwujnhxbfx7ygbdp2qo", "start_date": "2020-10-11T15:34:21.588Z", "ordered_date": "2020-10-11T15:34:21.587Z", "ordered": true, "shipping_address": 15, "billing_address": 16, "payment": 15, "coupon": null, "being_delivered": false, "received": false, "refund_requested": false, "refund_granted": false, "points_used": 0, "items": [22]}}, {"model": "core.order", "pk": 19, "fields": {"user": 5, "ref_code": "bcazu1xyemfs7ltu32ae", "start_date": "2020-10-11T15:45:51.880Z", "ordered_date": "2020-10-11T15:45:51.879Z", "ordered": true, "shipping_address": 15, "billing_address": 16, "payment": 20, "coupon": null, "being_delivered": false, "received": false, "refund_requested": false, "refund_granted": false, "points_used": 0, "items": [23]}}, {"model": "core.order", "pk": 20, "fields": {"user": 5, "ref_code": "mzlgk4905vwhlxh19czk", "start_date": "2020-10-11T15:58:05.576Z", "ordered_date": "2020-10-11T15:58:05.576Z", "ordered": true, "shipping_address": 15, "billing_address": 16, "payment": 21, "coupon": null, "being_delivered": false, "received": false, "refund_requested": false, "refund_granted": false, "points_used": 1000, "items": [24]}}, {"model": "core.order", "pk": 21, "fields": {"user": 5, "ref_code": "4n7qbcxlrp9wby3wqlpp", "start_date": "2020-10-11T15:58:57.034Z", "ordered_date": "2020-10-11T15:58:57.034Z", "ordered": true, "shipping_address": 15, "billing_address": 16, "payment": 24, "coupon": null, "being_delivered": false, "received": false, "refund_requested": false, "refund_granted": false, "points_used": 1000, "items": [26]}}, {"model": "core.order", "pk": 22, "fields": {"user": 5, "ref_code": "fh4lg532nsgavymvpxub", "start_date": "2020-10-11T16:03:17.040Z", "ordered_date": "2020-10-11T16:03:17.039Z", "ordered": true, "shipping_address": 15, "billing_address": 16, "payment": 26, "coupon": null, "being_delivered": false, "received": false, "refund_requested": false, "refund_granted": false, "points_used": 150, "items": [27]}}, {"model": "core.order", "pk": 23, "fields": {"user": 5, "ref_code": null, "start_date": "2020-10-11T18:49:23.897Z", "ordered_date": "2020-10-11T18:49:23.897Z", "ordered": false, "shipping_address": 15, "billing_address": 16, "payment": null, "coupon": null, "being_delivered": false, "received": false, "refund_requested": false, "refund_granted": false, "points_used": 0, "items": [28]}}, {"model": "core.address", "pk": 3, "fields": {"user": 1, "street_address": "fwfewfwe", "apartment_address": "fewfewfew", "country": "AX", "zip": "345345", "address_type": "S", "default": true}}, {"model": "core.address", "pk": 4, "fields": {"user": 1, "street_address": "fwfewfwe", "apartment_address": "fewfewfew", "country": "AX", "zip": "345345", "address_type": "B", "default": true}}, {"model": "core.address", "pk": 5, "fields": {"user": 3, "street_address": "gergregre", "apartment_address": "gregre", "country": "DZ", "zip": "345345", "address_type": "S", "default": true}}, {"model": "core.address", "pk": 6, "fields": {"user": 3, "street_address": "534543", "apartment_address": "htrhrthrt", "country": "DZ", "zip": "35345", "address_type": "B", "default": true}}, {"model": "core.address", "pk": 7, "fields": {"user": 1, "street_address": "Test", "apartment_address": "This place", "country": "AF", "zip": "003943", "address_type": "S", "default": false}}, {"model": "core.address", "pk": 8, "fields": {"user": 1, "street_address": "Another one", "apartment_address": "Testing", "country": "AF", "zip": "234324", "address_type": "B", "default": false}}, {"model": "core.address", "pk": 9, "fields": {"user": 1, "street_address": "Somewhere", "apartment_address": "Some place", "country": "AF", "zip": "432432", "address_type": "S", "default": false}}, {"model": "core.address", "pk": 10, "fields": {"user": 1, "street_address": "And this", "apartment_address": "testing", "country": "AF", "zip": "342432", "address_type": "B", "default": false}}, {"model": "core.address", "pk": 11, "fields": {"user": 4, "street_address": "jhkjhkj", "apartment_address": "jnkjnkj", "country": "AS", "zip": "66677", "address_type": "S", "default": true}}, {"model": "core.address", "pk": 12, "fields": {"user": 4, "street_address": "jhkjhkj", "apartment_address": "jnkjnkj", "country": "AS", "zip": "66677", "address_type": "B", "default": true}}, {"model": "core.address", "pk": 13, "fields": {"user": 4, "street_address": "dfsf", "apartment_address": "sdfdsf", "country": "DZ", "zip": "982890", "address_type": "S", "default": true}}, {"model": "core.address", "pk": 14, "fields": {"user": 4, "street_address": "dfsf", "apartment_address": "sdfdsf", "country": "DZ", "zip": "982890", "address_type": "B", "default": true}}, {"model": "core.address", "pk": 15, "fields": {"user": 5, "street_address": "uhkhjlk", "apartment_address": "khlkhkl", "country": "KZ", "zip": "klhlkh", "address_type": "S", "default": true}}, {"model": "core.address", "pk": 16, "fields": {"user": 5, "street_address": "uhkhjlk", "apartment_address": "khlkhkl", "country": "KZ", "zip": "klhlkh", "address_type": "B", "default": true}}, {"model": "core.payment", "pk": 9, "fields": {"stripe_charge_id": "ch_1HZKrMKAZKPDYKHRUczQ5d6N", "user": 5, "amount": 80.0, "timestamp": "2020-10-06T18:26:01.632Z"}}, {"model": "core.payment", "pk": 10, "fields": {"stripe_charge_id": "ch_1HZKysKAZKPDYKHRGDSAntGu", "user": 5, "amount": 160.0, "timestamp": "2020-10-06T18:33:47.455Z"}}, {"model": "core.payment", "pk": 11, "fields": {"stripe_charge_id": "ch_1HZfltKAZKPDYKHR6rf5IrSn", "user": 5, "amount": 20.0, "timestamp": "2020-10-07T16:45:45.912Z"}}, {"model": "core.payment", "pk": 12, "fields": {"stripe_charge_id": "ch_1HamCpKAZKPDYKHRu9m7pqO3", "user": 5, "amount": 20.0, "timestamp": "2020-10-10T17:50:08.789Z"}}, {"model": "core.payment", "pk": 13, "fields": {"stripe_charge_id": "ch_1HamH7KAZKPDYKHRxGOhJegY", "user": 5, "amount": 800.0, "timestamp": "2020-10-10T17:54:33.689Z"}}, {"model": "core.payment", "pk": 14, "fields": {"stripe_charge_id": "ch_1Hb6VwKAZKPDYKHRdaJ24f2Y", "user": 5, "amount": 1600.0, "timestamp": "2020-10-11T15:31:13.414Z"}}, {"model": "core.payment", "pk": 15, "fields": {"stripe_charge_id": "ch_1Hb6c0KAZKPDYKHRxxQDxfxT", "user": 5, "amount": 890.0, "timestamp": "2020-10-11T15:37:29.320Z"}}, {"model": "core.payment", "pk": 16, "fields": {"stripe_charge_id": "ch_1Hb6kWKAZKPDYKHR3uyA8akZ", "user": 5, "amount": 1600.0, "timestamp": "2020-10-11T15:46:17.784Z"}}, {"model": "core.payment", "pk": 17, "fields": {"stripe_charge_id": "ch_1Hb6oxKAZKPDYKHRsTmlMmcy", "user": 5, "amount": 1600.0, "timestamp": "2020-10-11T15:50:52.429Z"}}, {"model": "core.payment", "pk": 18, "fields": {"stripe_charge_id": "ch_1Hb6pdKAZKPDYKHRHScv8JBX", "user": 5, "amount": 1600.0, "timestamp": "2020-10-11T15:51:34.480Z"}}, {"model": "core.payment", "pk": 19, "fields": {"stripe_charge_id": "ch_1Hb6uQKAZKPDYKHRjSGLP5a5", "user": 5, "amount": 1600.0, "timestamp": "2020-10-11T15:56:31.250Z"}}, {"model": "core.payment", "pk": 20, "fields": {"stripe_charge_id": "ch_1Hb6vEKAZKPDYKHRPJi6fFqZ", "user": 5, "amount": 1600.0, "timestamp": "2020-10-11T15:57:21.076Z"}}, {"model": "core.payment", "pk": 21, "fields": {"stripe_charge_id": "ch_1Hb6wDKAZKPDYKHR8mfrKUu9", "user": 5, "amount": 890.0, "timestamp": "2020-10-11T15:58:22.728Z"}}, {"model": "core.payment", "pk": 22, "fields": {"stripe_charge_id": "ch_1Hb6x3KAZKPDYKHRhsIuW5C2", "user": 5, "amount": 890.0, "timestamp": "2020-10-11T15:59:14.638Z"}}, {"model": "core.payment", "pk": 23, "fields": {"stripe_charge_id": "ch_1Hb6yMKAZKPDYKHRV5GxQGgl", "user": 5, "amount": 890.0, "timestamp": "2020-10-11T16:00:35.296Z"}}, {"model": "core.payment", "pk": 24, "fields": {"stripe_charge_id": "ch_1Hb6zOKAZKPDYKHRFpVBugxy", "user": 5, "amount": 890.0, "timestamp": "2020-10-11T16:01:38.921Z"}}, {"model": "core.payment", "pk": 25, "fields": {"stripe_charge_id": "ch_1Hb71LKAZKPDYKHREivkXUew", "user": 5, "amount": 890.0, "timestamp": "2020-10-11T16:03:40.584Z"}}, {"model": "core.payment", "pk": 26, "fields": {"stripe_charge_id": "ch_1Hb74YKAZKPDYKHRiuHYVj07", "user": 5, "amount": 890.0, "timestamp": "2020-10-11T16:06:59.617Z"}}]